Workbook

Sheet My_Income
A1: Account Name | B1: Account Type | C1: Base Income | D1: Owner Birthdate ISO | E1: Filing Status | F1: Begin Age
A2: My SS Income | B2: ssa_income | C2: =3500*12 -> 42000 | D2: 1961-06-13 | E2: Single | F2: 70
A3: My Gov Annuity | B3: fers_income | C3: =1050*12 -> 12600 | D3: 1961-06-13 | E3: Single | F3: 64
A4: Other | B4: ordinary_income | C4: 0 | D4: 1961-06-14 | E4: Single | F4: 64

Sheet My_Accounts
A1: Account Name | B1: Account Type | C1: Begin Year | D1: Begin Balance | E1: Owner Birthdate ISO | F1: Filing Status | G1: Prior Owner Birthdate ISO | H1: Prior Owner Death Year | I1: Beneficiary Birth Year
A2: IRA Inherit 1 | B2: ira_inherited | C2: 2025 | D2: 103697.63 | E2: 1961-06-13 | F2: Single | G2: 1933-10-15 | H2: 2005 | I2: 1961
A3: IRA -Rollover | B3: ira | C3: 2025 | D3: 1504221.7 | E3: 1961-06-13 | F3: Single
A4: TSP | B4: tsp | C4: 2025 | D4: 313421.52 | E4: 1961-06-13 | F4: Single
A5: Brokerage - 1 | B5: brokerage | C5: 2025 | D5: 2069090 | E5: 1961-06-13 | F5: Single
A6: Roth IRA 1 | B6: roth_ira | C6: 2025 | D6: 0 | E6: 1961-06-13 | F6: Single
A7: Roth IRA Inherit 1 | B7: roth_ira_inherited | C7: 2025 | D7: 0 | E7: 1961-06-13 | F7: Single

Sheet I-Accounts
A1: Account Name | B1: Account Type | C1: Prior Year End Balance | D1: Owner Birth Date | E1: Owner Filing Status | F1: Prior Owner Birth Date | G1: Prior Owner Death Year | H1: Beneficiary Birth Year
A2: IRA Inherit 1 | B2: IRA-Inherited | C2: 103697.63 | D2: 1961-06-13 | E2: Single | F2: 1933-10-15 | G2: 2005 | H2: 1961
A3: IRA -Rollover | B3: IRA | C3: 1504221.7 | D3: 1961-06-13 | E3: Single
A4: TSP | B4: TSP | C4: 313421.52 | D4: 1961-06-13 | E4: Single
A5: Brokerage - 1 | B5: Brokerage | C5: 2069090 | D5: 1961-06-13 | E5: Single
A6: Roth - 1 | B6: Roth | C6: 0 | D6: 1961-06-13 | E6: Single
A7: Roth IRA 1 | B7: Roth IRA | C7: 0 | D7: 1961-06-14 | E7: Single
A8: Roth IRA Inherit 1 | B8: Roth IRA Inherited | C8: 0 | D8: 1961-06-15 | E8: Single

Sheet Withdrawal Schedule
A1: Year | B1: Age | C1: Inherited IRA EOY Balance | D1: Inherited IRA Distribution | E1: IRA EOY Balance | F1: IRA Distribution | G1: Savings EOY Balance | H1: Savings Distribution | I1: Total Distribution | J1: Roth EOY Amount | K1: Roth Conversion Amount
A2: 2024 | B2: 63 | C2: 103697.63 | D2: 4223.98 | E2: =SUM(#REF!) -> #REF! | F2: 0 | G2: =#REF! -> #REF! | H2: 0 | I2: 0 | J2: Rate | K2: 0.04
A3: 2025 | B3: 64 | C3: 0 | D3: 0 | E3: =E2*(1+$K$2)-F3-K3 -> #REF! | F3: 0 | G3: =G2*(1+$K$2)+F3-H2 -> #REF! | H3: =G3*($K$2-1%) -> #REF! | I3: =SUM(D3+F3+H3) -> #REF! | J3: 0 | K3: 50000
A4: 2026 | B4: 65 | C4: 0 | D4: 0 | E4: =E3*(1+$K$2)-F4-K4 -> #REF! | F4: 0 | G4: =G3*(1+$K$2)+F4-H3 -> #REF! | H4: =G4*($K$2-1%) -> #REF! | I4: =SUM(D4+F4+H4) -> #REF! | J4: =J3*(1+$K$2)+K4 -> 100000 | K4: 100000
A5: 2027 | B5: 66 | C5: 0 | D5: 0 | E5: =E4*(1+$K$2)-F5-K5 -> #REF! | F5: 0 | G5: =G4*(1+$K$2)+F5-H4 -> #REF! | H5: =G5*($K$2-1%) -> #REF! | I5: =SUM(D5+F5+H5) -> #REF! | J5: =J4*(1+$K$2)+K5 -> 204000 | K5: 100000
A6: 2028 | B6: 67 | C6: 0 | D6: 0 | E6: =E5*(1+$K$2)-F6-K6 -> #REF! | F6: 0 | G6: =G5*(1+$K$2)+F6-H5 -> #REF! | H6: =G6*($K$2-1%) -> #REF! | I6: =SUM(D6+F6+H6) -> #REF! | J6: =J5*(1+$K$2)+K6 -> 312160 | K6: 100000
A7: 2029 | B7: 68 | C7: 0 | D7: 0 | E7: =E6*(1+$K$2)-F7-K7 -> #REF! | F7: 0 | G7: =G6*(1+$K$2)+F7-H6 -> #REF! | H7: =G7*($K$2-1%) -> #REF! | I7: =SUM(D7+F7+H7) -> #REF! | J7: =J6*(1+$K$2)+K7 -> 424646.4 | K7: 100000
A8: 2030 | B8: 69 | C8: 0 | D8: 0 | E8: =E7*(1+$K$2)-F8-K8 -> #REF! | F8: 0 | G8: =G7*(1+$K$2)+F8-H7 -> #REF! | H8: =G8*($K$2-1%) -> #REF! | I8: =SUM(D8+F8+H8) -> #REF! | J8: =J7*(1+$K$2)+K8 -> 441632.26 | K8: 0
A9: 2031 | B9: 70 | C9: 0 | D9: 0 | E9: =E8*(1+$K$2)-F9-K9 -> #REF! | F9: 0 | G9: =G8*(1+$K$2)+F9-H8 -> #REF! | H9: =G9*($K$2-1%) -> #REF! | I9: =SUM(D9+F9+H9) -> #REF! | J9: =J8*(1+$K$2)+K9 -> 459297.55 | K9: 0
A10: 2032 | B10: 71 | C10: 0 | D10: 0 | E10: =E9*(1+$K$2)-F10-K10 -> #REF! | F10: 0 | G10: =G9*(1+$K$2)+F10-H9 -> #REF! | H10: =G10*($K$2-1%) -> #REF! | I10: =SUM(D10+F10+H10) -> #REF! | J10: =J9*(1+$K$2)+K10 -> 477669.45 | K10: 0
A11: 2033 | B11: 72 | C11: 0 | D11: 0 | E11: =E10*(1+$K$2)-F11-K11 -> #REF! | F11: 0 | G11: =G10*(1+$K$2)+F11-H10 -> #REF! | H11: =G11*($K$2-1%) -> #REF! | I11: =SUM(D11+F11+H11) -> #REF! | J11: =J10*(1+$K$2)+K11 -> 496776.23 | K11: 0
A12: 2034 | B12: 73 | E12: =E11*(1+$K$2)-F12-K12 -> #REF! | F12: =E11/VLOOKUP(A12,'RMD Table'!$A:$E,3,FALSE) -> #REF! | G12: =G11*(1+$K$2)+F12-H11 -> #REF! | H12: =G12*($K$2-1%) -> #REF! | I12: =SUM(D12+F12+H12) -> #REF!
A13: 2035 | B13: 74 | E13: =E12*(1+$K$2)-F13-K13 -> #REF! | F13: =E12/VLOOKUP(A13,'RMD Table'!$A:$E,3,FALSE) -> #REF! | G13: =G12*(1+$K$2)+F13-H12 -> #REF! | H13: =G13*($K$2-1%) -> #REF! | I13: =SUM(D13+F13+H13) -> #REF!
A14: 2036 | B14: 75 | E14: =E13*(1+$K$2)-F14-K14 -> #REF! | F14: =E13/VLOOKUP(A14,'RMD Table'!$A:$E,3,FALSE) -> #REF! | G14: =G13*(1+$K$2)+F14-H13 -> #REF! | H14: =G14*($K$2-1%) -> #REF! | I14: =SUM(D14+F14+H14) -> #REF!
A15: 2037 | B15: 76 | E15: =E14*(1+$K$2)-F15-K15 -> #REF! | F15: =E14/VLOOKUP(A15,'RMD Table'!$A:$E,3,FALSE) -> #REF! | G15: =G14*(1+$K$2)+F15-H14 -> #REF! | H15: =G15*($K$2-1%) -> #REF! | I15: =SUM(D15+F15+H15) -> #REF!
A16: 2038 | B16: 77 | E16: =E15*(1+$K$2)-F16-K16 -> #REF! | F16: =E15/VLOOKUP(A16,'RMD Table'!$A:$E,3,FALSE) -> #REF! | G16: =G15*(1+$K$2)+F16-H15 -> #REF! | H16: =G16*($K$2-1%) -> #REF! | I16: =SUM(D16+F16+H16) -> #REF!
A17: 2039 | B17: 78 | E17: =E16*(1+$K$2)-F17-K17 -> #REF! | F17: =E16/VLOOKUP(A17,'RMD Table'!$A:$E,3,FALSE) -> #REF! | G17: =G16*(1+$K$2)+F17-H16 -> #REF! | H17: =G17*($K$2-1%) -> #REF! | I17: =SUM(D17+F17+H17) -> #REF!
A18: 2040 | B18: 79 | E18: =E17*(1+$K$2)-F18-K18 -> #REF! | F18: =E17/VLOOKUP(A18,'RMD Table'!$A:$E,3,FALSE) -> #REF! | G18: =G17*(1+$K$2)+F18-H17 -> #REF! | H18: =G18*($K$2-1%) -> #REF! | I18: =SUM(D18+F18+H18) -> #REF!
A19: 2041 | B19: 80 | E19: =E18*(1+$K$2)-F19-K19 -> #REF! | F19: =E18/VLOOKUP(A19,'RMD Table'!$A:$E,3,FALSE) -> #REF! | G19: =G18*(1+$K$2)+F19-H18 -> #REF! | H19: =G19*($K$2-1%) -> #REF! | I19: =SUM(D19+F19+H19) -> #REF!
A20: 2042 | B20: 81 | E20: =E19*(1+$K$2)-F20-K20 -> #REF! | F20: =E19/VLOOKUP(A20,'RMD Table'!$A:$E,3,FALSE) -> #REF! | G20: =G19*(1+$K$2)+F20-H19 -> #REF! | H20: =G20*($K$2-1%) -> #REF! | I20: =SUM(D20+F20+H20) -> #REF!
A21: 2043 | B21: 82 | E21: =E20*(1+$K$2)-F21-K21 -> #REF! | F21: =E20/VLOOKUP(A21,'RMD Table'!$A:$E,3,FALSE) -> #REF! | G21: =G20*(1+$K$2)+F21-H20 -> #REF! | H21: =G21*($K$2-1%) -> #REF! | I21: =SUM(D21+F21+H21) -> #REF!
A22: 2044 | B22: 83 | E22: =E21*(1+$K$2)-F22-K22 -> #REF! | F22: =E21/VLOOKUP(A22,'RMD Table'!$A:$E,3,FALSE) -> #REF! | G22: =G21*(1+$K$2)+F22-H21 -> #REF! | H22: =G22*($K$2-1%) -> #REF! | I22: =SUM(D22+F22+H22) -> #REF!
A23: 2045 | B23: 84 | E23: =E22*(1+$K$2)-F23-K23 -> #REF! | F23: =E22/VLOOKUP(A23,'RMD Table'!$A:$E,3,FALSE) -> #REF! | G23: =G22*(1+$K$2)+F23-H22 -> #REF! | H23: =G23*($K$2-1%) -> #REF! | I23: =SUM(D23+F23+H23) -> #REF!
... A59: 2081 | B59: 120 | E59: =E58*(1+$K$2)-F59-K59 -> #REF! | F59: =E58/VLOOKUP(A59,'RMD Table'!$A:$E,3,FALSE) -> #REF! | G59: =G58*(1+$K$2)+F59-H58 -> #REF! | H59: =G59*($K$2-1%) -> #REF! | I59: =SUM(D59+F59+H59) -> #REF!

Sheet RMD Table
A1: Year | B1: Age | C1: Life Expectancy Factor | D1: Sample RMD | E1: Sample End of Year Balance
E2: 0.1
A3: 2024 | B3: 63 | C3: NA | E3: 100000
A4: 2025 | B4: 64 | C4: NA | D4: 0 | E4: 110000
A5: 2026 | B5: 65 | C5: NA | D5: 0 | E5: 121000
A6: 2027 | B6: 66 | C6: NA | D6: 0 | E6: 133100
A7: 2028 | B7: 67 | C7: NA | D7: 0 | E7: 146410
A8: 2029 | B8: 68 | C8: NA | D8: 0 | E8: 161051
A9: 2030 | B9: 69 | C9: NA | D9: 0 | E9: 177156.1
A10: 2031 | B10: 70 | C10: NA | D10: 0 | E10: 194871.71
A11: 2032 | B11: 71 | C11: NA | D11: 0 | E11: 214358.88
A12: 2033 | B12: 72 | C12: NA | D12: 0 | E12: 235794.77
A13: 2034 | B13: 73 | C13: 26.5 | D13: 8897.92 | E13: 250476.33
A14: 2035 | B14: 74 | C14: 25.5 | D14: 9822.6 | E14: 265701.36
A15: 2036 | B15: 75 | C15: 24.6 | D15: 10800.87 | E15: 281470.63
A16: 2037 | B16: 76 | C16: 23.7 | D16: 11876.4 | E16: 297741.29
A17: 2038 | B17: 77 | C17: 22.9 | D17: 13001.8 | E17: 314513.62
A18: 2039 | B18: 78 | C18: 22 | D18: 14296.07 | E18: 331668.91
A19: 2040 | B19: 79 | C19: 21.1 | D19: 15718.91 | E19: 349116.89
A20: 2041 | B20: 80 | C20: 20.2 | D20: 17283.01 | E20: 366745.57
A21: 2042 | B21: 81 | C21: 19.4 | D21: 18904.41 | E21: 384515.72
A22: 2043 | B22: 82 | C22: 18.5 | D22: 20784.63 | E22: 402182.65
A23: 2044 | B23: 83 | C23: 17.7 | D23: 22722.18 | E23: 419678.74
A24: 2045 | B24: 84 | C24: 16.8 | D24: 24980.88 | E24: 436665.73
... A60: 2081 | B60: 120 | C60: 2 | D60: 4076.61 | E60: 4891.93

Sheet RMD Schema
A1: https://inherited-rmd-calculator.web.vanguard.com/
A2: Label | B2: Sample | C2: Comment
A3: Account Type | B3: Traditional IRA | C3: Traditional IRA, Roth IRA, TSP, 401K, SEP IRA, Simple IRA and Simple 401K
A4: Birth Year | B4: 1961 | C4: Owner birth year
A5: RMD Year | B5: 2025 | C5: RMD Withdrawal Year
A6: EOY Balance | B6: 103697.63 | C6: =CONCATENATE(TEXT(B5-1,"####")," EOY Balance") -> 2024 EOY Balance
A7: Deceased Birth Date | B7: 12342
A8: Deceased Death Date | B8: 38546 | C8: Rules are unique base on year of death: 2019 and prior, 2020-2022, 2023 and beyond
A9: Multiple Primary Beneficiary | B9: Yes
A10: Account Registration | B10: Individual | C10: As individual, as a trust or estate
A11: All Individual Beneficiaries? | B11: Individual | C11: All individual,
A12: Separate Accounts Established? | B12: Yes | C12: Separate accounts must be set up by December 31 the year following the year of the original account owner’s death. If multiple separate beneficiary accounts aren’t set up by the IRS deadline, distributions are based on the oldest beneficiary.
A13: Beneficary DOB | B13: 22445 | C13: Use my date of birth versus oldest beneficiary's DOB
A15: RMD Calculation | B15: 4713.53 | C15: Remaining RMD amount
